Domain,English,Manglish
"Education","course","paadyakramam/sreni"
"Education","post graduate","birudaandara birudam"
"Education","graduation","birudam"
"Education","graduate","birudadaari"
"Education","college","kalaalayam"
"Education","university","sarvakalaasaala"
"Education","teacher","adyaapika/adyaapakan"
"Education","friends","snehithar/ suhruthukkal"
"Education","eligibility","yogyatha"
"Education","term","kaalaavadhi"
"Education","branch","shaakha"
"Education","mistakes","thettukal"
"Education","exam","pareeksha"
"Education","qualification","yogyatha/ arhatha"
"Education","document transalation","pramaanam vivarthanam cheyyuka"
"Education","excellent","mikachath"
"Education","appreciate","abinandikkuka"
"Education","satisfied","samthripthanakuka"
"Education","tour","sanchaaram"
"Education","lake","thadaakam"
"Education","lessons","paadam"
"Education","Music classes","sangeetha paadangal"
"Education","instruments","upakaranangal"
"Education","swimming classes","neenthal classukal"
"Education","background","pashchaathalam"
"Education","positions","sthaanam"
"Education","memmory","orma"
"Education","thinking capacity","chinthaa sheshi"
"Education","request","apeksha/ abyarthana"
"Education","knowledge","arivu"
"Education","summary","saaraamsam/ samgraham"
"Education","scheme","padhathi"
"Education","scholarship","paandithyathinaayi labikkunna vethanam"
"Education","profit","laabham"
"Education","pass","jayikkuka"
"Education","continue","thudaruka"
"Education","undergraduate","sarva kalaasaala birudam nediyittillatha vidyaarthi"
"Education","contribute","sambaavana cheyyuka"
"Education","attendance","haajarath"
"Education","certificate","sanad/ praamaana pathram"
"Education","enrolment","pravesanam"
"Education","assignment","niyoga pathram"
"Education","tuition fee","paadana shulkam"
"Education","campus","vidyaalaya praangkanam"
"Education","semester","ardha vaarshikam"
"Education","principal","pradhaana adyaapakan"
"Education","lecture","pravachanam"
"Education","library","granthashaala"
"Education","thesis","pradhaana prabandham"
"Education","internship","parisheelanam"
"Education","curriculum","paadya padhathi"
"Education","fees","shulkam"
"Education","deadline","avasaana theeyathi"
"Education","research paper","gaveshana pathram"
"Education","student loan","vidyaarthi vaayppa"
"Education","results","phalam"
"Education","subject","vishayam"
"Education","grade","greddu/ tharam"
"Housing","Community cente","saamoohika kendram"
"Housing","Poeple","janangal"
"Housing","Group","samooham"
"Housing","Team","sangam"
"Housing","Family members","kudumbaangangal"
"Housing","Housing","paarppidam"
"Housing","Resident","sthala vaasi"
"Housing","residence","sthiravaasam/griham"
"Housing","rent","vaadaka"
"Housing","tenant","vaadakakkaar"
"Housing","cheque","dhana vinimaya cheett"
"Housing","savings account","sambadya account"
"Housing","bank loan","bank vaayppa"
"Housing","rental agreement","vaadaka karaar"
"Housing","housing department","bhavana vakupp"
"Housing","mortgage","panayappeduthuka"
"Housing","instalment","thavanakal"
"Housing","monthly plan","prathimaasa padhathi"
"Housing","yearly plan","vaarshika padhathi"
"Housing","planning","aasoothranam"
"Housing","policy","nayam"
"Housing","reference number","soochana sankya"
"Housing","house owner","veettudamasthan"
"Housing","landlords","boovudamakal/ janmi"
"Housing","purchase","vaangal"
"Housing","shopping mall","vilpana kendram"
"Housing","train station","theevandi kathirippu kendram"
"Housing","working hours","joli samayam/pravarthana samayam"
"Housing","public transport","pothu gathaagatham"
"Housing","sale deed","vilpana karaar"
"Housing","fence","veli"
"Housing","backyard","pinmuttam"
"Housing","frontyard","munmuttam"
"Housing","balcony","nilamuttam"
"Housing","footpath/road","nadavazhi/ nadappatha"
"Housing","loan","vaayppa"
"Housing","lawn","pulthakidi"
"Housing","grass cutting","pullu vettuka"
"Housing","equal instalment","thulya thavana"
"Housing","payment","panam adaykkal/ kodukkal"
"Housing","gross income","aake varumanam"
"Housing","assets","aasthi"
"Housing","property","swath/vasthu"
"Housing","property tax","vasthu nikuthi"
"Housing","neighbors","ayalvaasikal"
"Housing","neighborhood","ayalpakkam"
"Housing","youngsters","yuvaakkal/ cheruppakkar"
"Housing","seniors","muthirnnavar"
"Housing","parents","maathapithakkal"
"Housing","learning","padanam"
"Housing","apartment","bavanam"
"Housing","expensive","vila koodiyath"
"Housing","cheap","vila kuranjath"
"Housing","collection","shekharam/ samaaharam"
"Housing","earning","sambadyam"
"Housing","qualified","yogyatha ulla"
"Housing","reliable","viswasaneeyamaaya"
"Housing","city","nagaram/pattanam"
"Housing","seller","vilpanakkaran"
"Housing","buyer","vangunnayaal"
"Housing","amenities","soukaryangal"
"Housing","comfortabale","sukhakaramaaya"
"Housing","convenient","soukryapradamaaya"
"Housing","privacy","swakaaryatha"
"Housing","previous","munpathe/ munpulla"
"Housing","house shifting","veed maattam"
"Housing","annual waste","vaarshika maalinyam"
"Housing","original","yathaarthamaaya"
"Housing","packers","pothiyunnavar"
"Housing","expected time","pratheekshicha samayam"
"Housing","weather","kaalavastha"
"Housing","cyclone","kodunkaatt"
"Housing","strong winds","shakthamaaya kaatt"
"Housing","cutting trees","vrikshanagl murikkal"
"Housing","forcast","pravachanam"
"Housing","short notice","hriswa ariyipp"
"Housing","paint buckets","chaaya thottikal"
"Housing","divorce","vivaaha mochanam"
"Housing","Live seperately","vere thaamasikkuka"
"Housing","council rates","nagarasabha nirakk"
"Housing","bond refund","amaanath thirike nalkuka"
"Housing","real estate agent","bhoomi vikraya prathinidhi"
"Housing","body corporate","koottu udamasthitham"
"Housing","settlement date","kaara kootal theeyathi"
"Housing","inspection report","parishodhana vivara pathram"
"Housing","utilities","soukaryangal"
"Housing","maintenance","paalana poshana"
"Housing","eviction notice","oozhiyakkuka ariyippu"
"Housing","suburb","nagara padham"
"Housing","council approval","nagarasabha anumathi"
"Housing","building permit","nirmana anumathi"
"Housing","renovation","parishkaranam"
"Housing","electricity bill","vidhyuth kaadanu"
"Housing","water bill","vella kaadanu"
"Consumer Affairs","Department","shaakha"
"Consumer Affairs","consumer law","upabokthru niyamam"
"Consumer Affairs","declaration form","prathinjaa pathram"
"Consumer Affairs","government","sarkkaar/ baranakoodam"
"Consumer Affairs","legal system","niyama vyavastha"
"Consumer Affairs","punishment","shiksha"
"Consumer Affairs","penalty","pizha"
"Consumer Affairs","charges","aaropanam"
"Consumer Affairs","arrest","bandhikkuka"
"Consumer Affairs","prohibited","niroodikkuka"
"Consumer Affairs","stolen","moshticha"
"Consumer Affairs","court","kodathi"
"Consumer Affairs","claim","avakasam/ avakaasa vaadam"
"Consumer Affairs","Insurance","rakshabogam/ suraksha/nastotharavaaditham"
"Consumer Affairs","disputes","tharkkangal"
"Consumer Affairs","investment","muthalmudakk/nikshepam"
"Consumer Affairs","concern","aashanka/ulkanda"
"Consumer Affairs","share holder","ohari udama"
"Consumer Affairs","job capacity","thozhil sheshi"
"Consumer Affairs","sick note","asukha kuripp"
"Consumer Affairs","leave","avadhi/ viduka"
"Consumer Affairs","licence","anumathi"
"Consumer Affairs","passport","yaathraanuvaadha pathram"
"Consumer Affairs","representative","prathinidhi"
"Consumer Affairs","Guarentee","urapp"
"Consumer Affairs","Annual report","vaarshika vivara kuripp"
"Consumer Affairs","commodities","charakkukal/ulppannangal"
"Consumer Affairs","online registration","online pathiykkal"
"Consumer Affairs","communication","aashaya vinimayam"
"Consumer Affairs","fight","poruthuka/ poraduka/ vazhakk"
"Consumer Affairs","warranty","prathijnja/ jaaminam"
"Consumer Affairs","consumer rights","upabokthru avakasangal"
"Consumer Affairs","product recall","ulpanna thirika edukkal"
"Consumer Affairs","complaint form","paraathi pathram"
"Consumer Affairs","dispute resolution","tharku niraakaranam"
"Consumer Affairs","compensation","nashtaparihaaram"
"Consumer Affairs","misleading advertising","thettidakkum parasyam"
"Consumer Affairs","refund policy","thirike panam nalkuka nayam"
"Consumer Affairs","faulty goods","thettulla saadanangal"
"Consumer Affairs","cooling off period","manampiriyum kaalavadhi"
"Consumer Affairs","consumer tribunal","upabokthru tharku peedham"
"Consumer Affairs","online shopping","online vilpana"
"Consumer Affairs","delivery","yeettikodu"
"Consumer Affairs","exchange","pakaara nalkuka"
"Consumer Affairs","price tag","vila cheett"
"Finance","financial institution","danakaarya sthapanam"
"Finance","online application form","online apeksha pathram"
"Finance","cash","panam"
"Finance","cost","chilav"
"Finance","advisor","upadeshtaav"
"Finance","review","avalokanam nadathuka"
"Finance","inspection","parishodana"
"Finance","floor","nila/thara"
"Finance","finance department","sambathika vakupp"
"Finance","economics","saambathika saasthram"
"Finance","personal finance","swakaarya danakaaryam"
"Finance","sector","mekhala"
"Finance","structure","gatana"
"Finance","currency","naanayam/ panam"
"Finance","meanwhile","ithinidayil"
"Finance","federal","samyukthamaaya"
"Finance","enterprise","samrambam"
"Finance","bond","kada pathram/ karaar pathram"
"Finance","regulation","niyathranam"
"Finance","intrest rate","palisha nirakk"
"Finance","deposit","nikshepam"
"Finance","superannuation","nivrutthi laabham"
"Finance","budget","aayavyaya pattika"
"Finance","tax return","nikuthi vivara pathram"
"Finance","credit score","vilmathi vishwaasa sankya"
"Finance","overdraft","khadaya athinetham edukkuka"
"Finance","dividend","laabha vikasam"
"Finance","financial advisor","sambathika upadeshtaav"
"Finance","expenditure","chilavukal"
"Finance","account number","khaata sankya"
"Finance","transaction","kaadavayarram"
"Finance","withdrawal","panam thirika edukkuka"
"Finance","credit card","vilmathi cheett"
"Finance","bank statement","bank vivara pathram"
"Finance","pension","vardakya vethanam"
"Finance","income tax","aadaaya nikuthi"
"Finance","capital","mudal"
"Finance","bankruptcy","paana paaniyam"
"Finance","receipt","raseeth"
"Finance","transfer","panam maattuka"
"Finance","debit card","debit cheett"
"Insurance","private insurance","swakaarya suraksha"
"Insurance","Health insurance card","arogya suraksha cheett"
"Insurance","lost card","nashtappetta cheett"
"Insurance","ambulance cover","rogi gathaagath vaahana pariraksha"
"Insurance","ambulance","jangama chikilsaalayam"
"Insurance","car insurance","car rakshabogam"
"Insurance","identity proof","thirichariyal rekha"
"Insurance","driving licence","adhikaara pooritha vaahana anumathi"
"Insurance","liability","baadyatha"
"Insurance","additional coverage","adhika pariraksha"
"Insurance","policy holder","padathi edutha aal"
"Insurance","damaged part","kedaaya baagam"
"Insurance","installation","pradisthaapanam"
"Insurance","contract","karaar"
"Insurance","amount covered","aake thuka"
"Insurance","comprehensive cover","samagramaaya suraksha"
"Insurance","insured","nashtotharavaaditham cheyyuka"
"Insurance","lease agreement","vaadaka karaar"
"Insurance","medical expenses","chikilsa chilavukal"
"Insurance","accident","apakadam"
"Insurance","incident","sambavam"
"Insurance","misunderstanding","thettidarikkuka"
"Insurance","collision","koottiyidi"
"Insurance","period","kaalagattam"
"Insurance","annual","vaarshikam"
"Insurance","monthly","prathimaasam"
"Insurance","premium term","tavana vyavastha"
"Insurance","couple","dampathikal"
"Insurance","treatment","chikilsa"
"Insurance","observation","nireekshanam"
"Insurance","frequency","aavarthi"
"Insurance","existing policy","nilavilulla nayam"
"Insurance","social service","saamoohika sevanam"
"Insurance","gender","lingbedam"
"Insurance","volunteer","sannadha sevakan"
"Insurance","social workers","saamoohika pravarthakar"
"Insurance","inequality","asamathwam"
"Insurance","physical","shaareerikamaaya"
"Insurance","age pension","vaardakya pension"
"Insurance","useful","upayogapradam"
"Insurance","development","vikasanam"
"Insurance","diability","vaikalyam"
"Insurance","civil right","pouraavakaasam"
"Insurance","caring","karuthalulla"
"Insurance","stay home","veettil thaamasikkuka"
"Insurance","social service","samoohya pravarthanam"
"Insurance","social welfare","saamoohya kshemam"
"Insurance","skills","kazhivukal"
"Insurance","individual","vyakthikatha"
"Insurance","describing","vivarikkunnu"
"Insurance","implemented","nadappilaakki"
"Insurance","assumption","daarana"
"Insurance","premium","prathiphala tavana"
"Insurance","excess","ninakam kazhikkunna tuka"
"Insurance","claim form","nashtam apekshikunna pathram"
"Insurance","renewal","punarnavaeekaranam"
"Insurance","beneficiary","laabha gruheetta"
"Insurance","exclusion","oozhiyakkappettath"
"Insurance","endorsement","padathi thirutham"
"Insurance","lapse","kaalavadhi kazhinju nirttuka"
"Insurance","third party","moonnaam kaksham"
"Insurance","travel insurance","yaathra suraksha"
"Insurance","life insurance","jeevitha suraksha"
"Insurance","home insurance","veedu suraksha"
"Insurance","public liability","pothu baadyatha"
"Insurance","claim settlement","nashtaparihaara theerpp"
"Insurance","policy number","padathi sankya"
"Legal","Legal aid","niyama sahaayam"
"Legal","legal support","niyaparamaaya pinthuna"
"Legal","Lawyer","abibaashakan"
"Legal","court","kodathi"
"Legal","Home affairs","veettile karyangal/ aabyantharam"
"Legal","secretary","kaarya darshi"
"Legal","Grant","anuvadhikkuka"
"Legal","relevant","prathyakshamaaya"
"Legal","transfer","sthalam maattam"
"Legal","minimum","kuranjath"
"Legal","maximum","paramaavadhi"
"Legal","intreperter","vyaakyaathaav/ rachayithaav"
"Legal","Alternatively","pakaramaayi"
"Legal","certainly","theerchayayum"
"Legal","legal documents","niyamaparamaaya rekhakal"
"Legal","relevant evidence","uchithamaaya thelivukal"
"Legal","worker","thozhilaali"
"Legal","discount","kizhivu"
"Legal","on duty","chumathalayil aan"
"Legal","witness","saakshi"
"Legal","clue","soochana"
"Legal","comprehensive","samagramaaya"
"Legal","reasonable","yukthisahamaaya/nyaayamaaya"
"Legal","identity check","thirichariyal parishodhana"
"Legal","funds","dhanam"
"Legal","factors","gatakangal"
"Legal","proficiency","praaveenyam"
"Legal","mandatory","nirbandhitham"
"Legal","statement","prasthaavana"
"Legal","legal proceedings","niyaparamaaya"
"Legal","over speed","amitha vegam"
"Legal","overseas","videsham"
"Legal","risk","apakada saadyatha"
"Legal","attack","aakramanam"
"Legal","complain","paraathi"
"Legal","Rights","avakaasangal"
"Legal","illegal","niyama virudham"
"Legal","crime","kuttakrithyam"
"Legal","judge","nyaayathipan"
"Legal","testify","saakshikarikkuka"
"Legal","affidavit","sathya pramaana pathram"
"Legal","bail","aapath jaaminam"
"Legal","fine","pirha"
"Legal","verdict","tharppana"
"Legal","appeal","maruparisodhana"
"Legal","plaintiff","vaadi"
"Legal","defendant","prathivaadi"
"Legal","solicitor","niyama upadeshtaav"
"Legal","power of attorney","apaar shaakti pathram"
"Legal","restraining order","nivarana aajna"
"Legal","custody","paalana adhikaaram"
"Legal","mediation","samaadhaana niyojanam"
"Legal","hearing","vichaarana"
"Legal","contract breach","karaar langan"
"Legal","conviction","kuttam sthireekarichu"
"Legal","acquittal","vimukthi"
"Legal","magistrate","nyaaya magistraatt"
"Legal","police report","policce vivara pathram"
"Legal","civil case","paurava vazhakk"
"Legal","criminal record","kuttakrutha rekha"
"Business","Bussiness","vyaaparam"
"Business","advertisement","parasyam"
"Business","buy","vaanguka"
"Business","consumer/ consumer","upabokthaav"
"Business","price/rate","vila/ nirakk"
"Business","cost","chilav"
"Business","afford","thaangaanavunna"
"Business","consumer law","upabokthru niyamam"
"Business","refund","thirike kodukkal"
"Business","replace","maatti nalkuka"
"Business","repair","nannakkuka"
"Business","reciept","raseeth"
"Business","manager","nirvaahakan"
"Business","bank loan","bank vaayppa"
"Business","legal system","niyama vyavastha"
"Business","tax number","nikuthi sankhya"
"Business","change","maattam"
"Business","charge","vila"
"Business","bussiness owners","vyaapara udamakal"
"Business","place","sthalam/ sthanam"
"Business","negotiate","charcha nadathuka/koodiyaalochikkuka"
"Business","price list","vila nirakk/ vilavivarappattika"
"Business","prospective buyer","baaviyil vaangunnayaal"
"Business","commission","vyaapara prathifalam"
"Business","competition","malsaram"
"Business","schedule","pattika"
"Business","meeting","yogam/sammelanam"
"Business","tax office","nikuthi kaaryaalayam"
"Business","colleague","sahapravarthakar"
"Business","advisor","upadeshtaav"
"Business","advise","upadesham"
"Business","representative","prathinidhi"
"Business","products","ulpannam"
"Business","intrested","thaalparyam"
"Business","import","irakkumathi"
"Business","damaged goods","kedaaya saadanangal"
"Business","finished goods","poorthiyaaya vasthukkal"
"Business","proposal","nirdesham"
"Business","bussiness plan","vyaapara padhathi"
"Business","supply","vitharanam"
"Business","demand","aavasyam"
"Business","popular","janapriyam"
"Business","successful","vijayapradam/safalamaaya"
"Business","news","varthamaana pathram"
"Business","agreement","karaar/vyavastha"
"Business","partnership","panku udamasthitham"
"Business","franchise","anumathippatta vyaapara samrambham"
"Business","trademark","vyaapara mudra"
"Business","invoice","raseeth pathram"
"Business","tender","lelppadam"
"Business","profit margin","laabha anupaadam"
"Business","shareholder","panku udama"
"Business","audit","khaazhanaa parishodhana"
"Business","entrepreneur","udyamiyaal"
"Business","market research","vipani gaveshanam"
"Business","startup","puthiya thozhil thodakkam"
"Business","cash flow","panam varavu poku"
"Business","interest rate","palisha nirakk"
"Business","target market","lakshya vipani"
"Business","brand","vyaapara naama mudra"
"Health","Health","aarogyam"
"Health","Left knee","idathu kaalmutt"
"Health","right knee","valathu kaal mutt"
"Health","hospital cover","aashupathri chilavukal"
"Health","injured","parikketta"
"Health","insurance claim","rakshaboga nashtaparihaaram"
"Health","prescription","kurippadi"
"Health","suggestion","nirdesham"
"Health","bones","asthikal"
"Health","psychologyst","manasaasthraknjan"
"Health","doctor","bishagvaran/ vaidyan"
"Health","speech therappist","samasara parisheelakan"
"Health","doctor appoinment","vaidyante niyamanam/ vaidyante koodikkazhcha samayam"
"Health","Many","niravadhi"
"Health","basic pack","adisthaana padhathi"
"Health","optical service","kaazhcha sambandamaaya sevanangal"
"Health","dental service","dantha sevanangal"
"Health","allowance","bathha"
"Health","feeling well","sukham thonnunnu"
"Health","examine","parishodikkuka"
"Health","sick note","rogiyude cheett"
"Health","pharmacy","vaidya shaala"
"Health","immune system","roga prathiroda sheshi"
"Health","stroke","aagaatham"
"Health","infection","baadhikkuka"
"Health","genetic disease","janithaka rogam"
"Health","dosage","alav"
"Health","diagnosed","roga nirnayam"
"Health","part time","baagika samayam"
"Health","visitors","sandarshakar"
"Health","full time","muzhuvan samayam"
"Health","research","gaveshanam"
"Health","confirmation","sthireekaranam"
"Health","isolation","ottappetta"
"Health","organic","jaiva"
"Health","life modification","jeevitha parishkaranam"
"Health","complication","sankeernnam"
"Health","operation","shasthrakriya"
"Health","patient transport","rogikalude gathaagatham"
"Health","govt sposored","sarkkar prayojakar aaya"
"Health","extreme cases","theevramaaya casukal"
"Health","support pension","pinthunaa vardakyakaala vethanam"
"Health","safety and assurance","surakshayum urappum"
"Health","healthy diet","aarogyakaramaaya bakshanam"
"Health","blood pressure","raktha sammardam"
"Health","diabetes","madhura meham"
"Health","cholesterol","kozhuppu"
"Health","vaccination","krimi prathiroodha kuri"
"Health","specialist","visheshajan"
"Health","referral","oothukku viduka"
"Health","x-ray","shakshi chithram"
"Health","allergy","anaasakti"
"Health","physiotherapy","shareera chikilsa"
"Health","emergency","avasara sthhithi"
"Health","nurse","porichaarika"
"Health","medication","oushadham"
"Health","follow-up","thudar parishodana"
"Health","mental health","maanasika aarogyam"
"Health","anxiety","udvegam"
"Health","depression","nirasha"
"Health","chronic illness","maaraatha rogam"
"Health","blood test","raktha parishodana"
"Health","rehabilitation","punar vasathi"
"Health","outpatient","bahir rogi"
"Office","Import","irakkumathi"
"Office","export","kayattumathi"
"Office","tax","nikuthi"
"Office","sales","vilppana"
"Office","profit","laabam"
"Office","loss","nashtam"
"Office","produce","ulpaadippikkuka"
"Office","industry","vyavasaayam"
"Office","conference","sammelanam"
"Office","meeting","yogam"
"Office","agenda","vishayavivara pathrika"
"Office","world wide","lokamembaadum"
"Office","international market","anthaaraashta vipani"
"Office","domestic market","aabyanthara  vipani"
"Office","revenue","varumaanam"
"Office","leaflet","lakhulekha"
"Office","innauguration","ulgaadanam"
"Office","department","vakupp"
"Office","branch","shaakha"
"Office","officer","udyogasthan"
"Office","function","pravarthanam"
"Office","broker","dallaal"
"Office","liability","baadyatha"
"Office","public","pothu"
"Office","private","swakaarya"
"Office","review","avalokanam"
"Office","additional","adhika"
"Office","request","abyarthana"
"Office","inflation","vilakkayattam"
"Office","idea","aashayam"
"Office","hike","kayattam/vardanav"
"Office","progress","purogathi"
"Office","increase","vardikkuka"
"Office","annual","vaarshikam"
"Office","building","kettidam"
"Office","appoinment","niyamanam"
"Office","resignation","raaji"
"Office","help","sahaayam"
"Office","if possible","saadyamenkil"
"Office","forgive","sahapravarthakan"
"Office","security purpose","suraksha aavasyangal"
"Office","quality","gunanilavaaram"
"Office","service","sevanam"
"Office","quantity","alav"
"Office","address","vilaasam"
"Office","cancel","raddaakkuka"
"Office","last date","avasana theeyathi"
"Office","completed","poorthiyaayi"
"Office","overtime","samayathin atheithe jooli"
"Office","salary","vethanam"
"Office","payslip","vethanam cheett"
"Office","annual leave","vaarshika avadhi"
"Office","sick leave","roga avadhi"
"Office","maternity leave","prasava avadhi"
"Office","performance review","pravartthana avalokanam"
"Office","promotion","udyoga uyartham"
"Office","redundancy","jooli nashtappadu"
"Office","termination","udyoga samaapti"
"Office","notice period","ariyippu kaalavadhi"
"Office","work from home","veettil ninnum jooli"
"Office","human resources","maanava sampadana kaaryam"
"Office","workplace","pravartthana idam"
"Office","supervisor","pradhaan nireekhshakan"
"Office","staff meeting","udyogasthar yogam"
"Office","training","parisheelanam"
"Office","reimbursement","chilavinathe thirike nalkuka"
"Office","employee benefits","udyogastha suvidhakal"
"Office","deadline","avasaana samayam"
"Immigration","immigration","kudiyettam"
"Immigration","settlement","othutheerpp/ kanakku theerkkal"
"Immigration","settled","sthirappettu/othutheerppayi/ kanakku theerthu"
"Immigration","migrant","kudiyettakkaaran"
"Immigration","immigrants","kudiyettakkaar"
"Immigration","immigration agent","kudiyetta prathinidhi"
"Immigration","office","kaaryaalayam"
"Immigration","approval","sammatham"
"Immigration","immigration law","kudiyetta niyamam"
"Immigration","community","samooham"
"Immigration","offence","kuttakaram"
"Immigration","customs office","chungam kaaryaalayam"
"Immigration","under the limit","paridhiyil"
"Immigration","high range","uyarnna sreni"
"Immigration","analysis","vishakalanam"
"Immigration","compromise","othu theerpp"
"Immigration","follow the rules","niyamam paalikkuka"
"Immigration","co operative","sahakarikkuka"
"Immigration","take action","nadapadi edukkuka"
"Immigration","trained","parisheelanam labicha"
"Immigration","comulsory","nirbandhitham"
"Immigration","terms and conditions","niyamangalum nibandhanakalum"
"Immigration","privacy","swakaaryatha"
"Immigration","deposit","nikshepam"
"Immigration","procedure","nadapadi kramam"
"Immigration","selection","therenjedukkal"
"Immigration","stress","sammardam"
"Immigration","exchange information","kai maatta vivaram"
"Immigration","oppurtunity","avasaram"
"Immigration","wait","kaathirikkuka"
"Immigration","investigation officer","anweshana udyogasthan"
"Immigration","estimated price","kanakkaakkiya chilav"
"Immigration","accept","sweekarichu"
"Immigration","develope","vikasippikkuka"
"Immigration","joint account","onnichulla account"
"Immigration","actual situation","yathaartha sandarbam"
"Immigration","declaration form","prakyaapana form"
"Immigration","passenger","yaathrakkaran"
"Immigration","declared","prakyaapichu"
"Immigration","visa application","visaa apeksha"
"Immigration","permanent residency","sthira thamasam"
"Immigration","citizenship","pauratthwam"
"Immigration","sponsor","poshakan"
"Immigration","nomination","naamanirgayanam"
"Immigration","character assessment","swabhaava parishodana"
"Immigration","health assessment","aarogya parishodana"
"Immigration","skills assessment","kasav parishodana"
"Immigration","student visa","vidyaarthi visaa"
"Immigration","work visa","thozhil visaa"
"Immigration","family visa","kudumba visaa"
"Immigration","refugee","sharanaartthi"
"Immigration","migration agent","kudiyetta prathinidhi"
"Immigration","entry permit","pravesa anumathi"
"Immigration","expiry date","kaalavadhi kaziyunna theeyathi"
"Immigration","extension","kaalavadhi neetukal"
"Immigration","cancellation","raddakkal"
"Immigration","appeal tribunal","maruparisodhana peedham"
"Immigration","citizenship test","pauratthwa pareeksha"
"Immigration","residence permit","thamasam anumathi"
"Employment","job application","thozhil apeksha"
"Employment","resume","jeevan vrithantha pathram"
"Employment","interview","acchedanam"
"Employment","employer","udyogadaatha"
"Employment","employee","udyogasthan"
"Employment","full time employment","muzhuvan samayam thozhil"
"Employment","part time employment","baagika samayam thozhil"
"Employment","casual work","athanatheth jooli"
"Employment","job offer","thozhil sambhavana"
"Employment","probation period","aadhya parisheelanam kaalavadhi"
"Employment","minimum wage","kuranjath vethanam"
"Employment","fair work","niyaama thozhil"
"Employment","unfair dismissal","nyayarahitha parachal"
"Employment","workplace rights","pravarthana sthala avakasangal"
"Employment","union","thozhilali sangham"
"Employment","leave entitlement","avadhi avakasam"
"Employment","superannuation","nivrutthi nidhi"
"Employment","tax file number","nikuthi pathram sankya"
"Employment","payroll","vethaana pattika"
"Employment","job seeker","thozhil avaneshakan"
"Employment","employment agency","thozhil prathinidhi sthapanam"
"Employment","reference letter","soochana pathram"
"Employment","work experience","thozhil anubhavam"
"Employment","job description","thozhil vivaram"
"Employment","roster","samayapattika"
"Employment","shift","jalaka jooli"
"Employment","resignation letter","raaji pathram"
"Employment","redundancy pay","jooli nashtaparihaaram"
"Employment","centrelink","kendretha sevanam"
"Employment","performance appraisal","pravartthana mulyanirnayam"
"Social Services","social worker","saamoohika pravarthakan"
"Social Services","welfare","kshemam"
"Social Services","child support","kuzhandakalude sahaayam"
"Social Services","family support","kudumba sahaayam"
"Social Services","domestic violence","kudumba anaacharitham"
"Social Services","counselling","upadesha sevanam"
"Social Services","support group","sahaaya sangham"
"Social Services","government assistance","sarkaar sahaayam"
"Social Services","disability support","vaikalya sahaayam"
"Social Services","aged care","muthirnavar paripaalana sevanam"
"Social Services","youth services","yuva sevanangal"
"Social Services","emergency housing","avasara paarppida sevanam"
"Social Services","food bank","bhakshana sahaaya kendram"
"Social Services","mental health support","maanasika aarogya sahaayam"
"Social Services","interpreter services","bhasha vyaakyaana sevanam"
"Social Services","carer","paripaalanakkaaran"
"Social Services","respite care","vishranti paripaalanam"
"Social Services","ndis","vaikalya bheema padhathi"
"Social Services","crisis support","aapathkaala sahaayam"
"Social Services","case worker","kesu pravarthakan"
"Social Services","housing support","paarppida sahaayam"
"Social Services","pension","vardakya vethanam"
"Social Services","benefit","laabham"
"Social Services","allowance","bathha"
"Social Services","concession card","riayath cheett"
"Social Services","health care card","aarogya sevanam cheett"
"Social Services","crisis accommodation","aapathkaala thamasam"
"Social Services","community support","saamoohika sahaayam"
"Social Services","outreach","therajaneeya sevanam"
"Social Services","referral service","ooothukku viduka sevanam"